[
    {
        "nomeFilme": "Mad Max - Estrada da Fúria",
        "atores": "Tom Hardy, Charlize Theron, Nicholas Hoult",
        "diretor": "George Miller",
        "ano": "2019",
        "genero": "Ação, Ficção Científica",
        "produtora": "Warner Bros.",
        "sinopse": "Em um futuro pós-apocalíptico, uma imperatriz rebelde e um ex-guerreiro solitário se unem para fugir de um tirano e seu exército."
    },
    {
        "nomeFilme": "O Poderoso Chefão",
        "atores": "Al Pacino",
        "diretor": "Francis Ford Coppola",
        "ano": "1972",
        "genero": "Drama, Crime",
        "produtora": "Paramount Pictures",
        "sinopse": "A saga de uma família mafiosa de Nova York e a ascensão de seu líder mais jovem, Michael Corleone."
    },
    {
        "nomeFilme": " A Chegada",
        "atores": "Amy Adams, Jeremy Renner, Forest Whitaker",
        "diretor": " Denis Villeneuve",
        "ano": " 2016",
        "genero": "Ficção Científica, Drama",
        "produtora": "Paramount Pictures",
        "sinopse": "Uma linguista é recrutada pelo governo para se comunicar com alienígenas que chegaram à Terra em naves misteriosas."
    },
    {
        "nomeFilme": "Enrolados",
        "atores": "Mandy Moore, Zachary Levi, Donna Murphy",
        "diretor": "Nathan Greno, Byron Howard",
        "ano": "2010",
        "genero": "Animação, Aventura, Fantasia",
        "produtora": "Walt Disney Pictures",
        "sinopse": "A princesa Rapunzel, com seus cabelos mágicos de 21 metros, passa a vida isolada em uma torre. Ela só sai de lá quando faz um acordo com um ladrão encantador para explorar o mundo "
    }
]